0.086,0.078539638,0.6,9.2,6.9,3,13.06339983,0.154,0
0.184,0.05972108,1.5,5.3,8.4,3,9.498299597,0.181,0
0.805,0.024626845,2.8,9.6,16.2,3,1.270200013,0.09929,1
0.142,0.015810129,0,5.9,11.6,3,2.639099904,0.35,0
0.05,0.014438134,0.7,8.6,15.8,4,3.241100083,0.144,0
0.528,0.013009964,2.3,6,5.2,2,1.121499955,0.022473,0
0.07,0.011024498,9.5,7.5,9.6,3,2.146299904,0.101,1
-0.197,0.010846026,1.1,11.7,16.2,3,0,0.273948,1
0.005,0.010684464,4.4,6.3,13.9,4,3.660000051,2.3,1
0.244,0.010588757,0.3,8.6,8.1,4,1.180999987,0.024,0
0.148,0.01001533,3.4,11.6,17.4,2,1.072139981,0.035,1
0.107,0.009832302,3.4,3.6,5.5,2,2.616400077,0.4906,0
1.068,0.009269645,2.8,9.7,12.9,3,3.19490007,0.079,1
0.683,0.008967582,18.6,10.3,8.7,3,3.851399987,0.042595,1
0.163,0.008621595,7.9,4.9,9.7,3,1.332099994,0.079,1
-0.06,0.008541177,1.6,11.2,14.4,3,0,0.208,1
0.041,0.008418658,1.1,9.9,16.8,3,2.862800077,0.05,0
0.093,0.007502183,4.9,4.5,6.6,3,1.458899968,0.309,1
0.496,0.00728153,0.8,9.6,11.5,3,2.156874957,0.067,0
0.159,0.007168264,7.3,5.7,11.2,3,0.990500045,0.288,1
0.193,0.007133206,1.5,6.5,5.6,3,1.281200026,0.13,0
0.158,0.00666333,8.8,6.7,6.9,3,1.568500019,0.02,1
0.042,0.006242644,0.5,5.7,7.7,2,1.839900058,0.132,0
0.121,0.006239081,1.4,5.2,5.2,2,1.049200026,0.078,0
0.14,0.006163412,4.6,8.1,12.1,2,3.533799834,0.189,1
0.106,0.00606631,4.2,6.3,14.3,3,1.178562458,0.1,1
0.101,0.006031601,3,8.4,13.6,3,1.383299994,0.113,1
0.021,0.005954342,3.9,5.7,8.9,3,4.510899814,0.1185,1
0.064,0.005837331,0,6.4,5.6,2,1.598999962,0.0795,0
0.343,0.005727071,0.1,6.9,7.9,2,1.056,0.152,0
0.218,0.005700823,0.3,4.8,4.6,2,1.00426496,0.71,0
0.144,0.00560479,1.9,4.6,5.9,1,0.666200013,0.025988,0
-0.061,0.005401383,1.9,15.5,15.4,5,0,0.246577,1
0.407,0.005303943,4.8,7.7,4.1,4,1.448399974,0.045,1
0.259,0.005301944,2.3,4.5,6.4,2,0.3064,0.073541,0
0.018,0.005281646,5,7.7,13.4,3,2.645499904,0.075,1
0.05,0.005258037,3,6.9,7,3,0.797500006,0.0733,0
0.052,0.005160761,0.3,7.6,14.9,2,2.113325056,0.0322,0
-0.067,0.00500345,4.4,7,5.9,3,3.154700083,0.1229,1
0.064,0.004982136,4.6,5.4,9.6,2,1.647699968,0.534,1
-0.224,0.004951167,14.1,5.8,7.6,2,0.602499994,0.015,1
0.021,0.004745477,3.6,9.5,10.7,3,1.395399987,0.0696,1
0.144,0.004690505,8.8,6,5.1,2,1.063800013,0.031,1
0.134,0.004638989,0,0,0,0,1.0368,0.072327,0
-0.058,0.004577788,0.7,9.7,11.8,3,0,0.076541,0
0.057,0.004466896,0.7,7.9,13.5,3,1.289200026,0.0242,0
0.172,0.004384268,9.4,3.7,12.1,2,1.197599949,0.030189,1
0.03,0.004265142,0,0,0,0,1.134999962,0.174,0
-0.133,0.004126544,2.3,6.7,13.1,3,5.445600051,0.20316,0
0.051,0.004012499,3.7,3.2,4.6,2,1.413699994,0.2,0
0,0.003972908,0,6.4,16.4,3,1.828900045,0.216,0
-0.009,0.003943818,10.6,8.5,10.2,3,0.844700006,0.099,1
-0.002,0.003901864,2.4,7.6,12.6,3,0.960899994,0.09,0
1.771,0.003793809,17.3,7.9,9.7,2,2.00189993,0.0099,1
0.232,0.003724338,2.4,5,3.6,1,0.605259981,0.006378,0
0.696,0.003703822,1,4.7,10.5,2,0.312999987,0.0135,0
0.208,0.003664612,0.1,9.9,8.4,2,0,0.064,0
-0.009,0.003651863,2.1,11.8,10.1,2,0,0.0342,1
0.077,0.003625107,0.5,7.6,6.7,2,1.212000051,0.2821,0
-0.08,0.003455662,5.3,7.2,15.9,3,0.874300006,0.114,1
-0.304,0.003355455,1.3,12.2,12.7,3,0,0.0451,1
0.488,0.003250854,0,0,0,0,0.405500006,0.0155,0
-0.091,0.003220626,1.8,11.8,13.1,4,0,0.228,1
0.05,0.003100938,3.2,6.6,6.9,2,0.824600013,0.07555,0
0.143,0.003095688,7.2,8.5,18.5,4,1.055299994,0.1077,1
0.098,0.002992018,0.1,9.3,6.8,2,0.645355213,0.0113,0
0.068,0.002988333,1.5,9.5,9.6,2,0.812274995,0.0184,0
0.066,0.002978719,2.5,4.3,1.7,1,0.367742106,0.002053,0
-0.081,0.002893564,7.1,7.9,19.7,4,0.0052,0.142,1
0.093,0.002876271,0,5.7,6,2,1.015299994,0.072226,0
0.1,0.00287453,1.1,5.9,7,1,0.422060006,0.056,0
0.141,0.002862234,6.9,7.7,11.3,2,0.424899994,0.04464,1
0.075,0.002858279,0.7,5.4,9.9,2,0.488899994,0.0309,0
0.215,0.002775111,3.8,5.1,2.6,1,0.816399974,0.0285,0
0.073,0.002772477,9.5,5.2,9.1,3,0.609699994,0.079,1
0.054,0.002711936,6,8,13,2,2.075899904,0.0937,1
0.118,0.002710128,0,8.1,6.2,1,0.471000013,0.02285,0
0.722,0.002683702,10.1,5.9,7.7,0,0.344805197,0.0247,1
0.266,0.00265696,1.4,6.3,8.4,1,0.0714,0.016881,0
0.089,0.002635133,1.4,8.9,8.1,1,0.320700006,0.0121,0
0.08,0.002599928,14.5,4.6,8.6,2,1.150700032,0.027605,1
-0.034,0.002560925,1.7,10.6,11.6,2,0.799800013,0.031,1
-0.013,0.002560445,4.7,6.3,13,2,1.237300019,0.006,1
-0.002,0.002529194,12.3,7.7,13.6,3,0.945799987,0.095,1
0.092,0.002484121,0.1,11.5,7.9,2,0.556299981,0.083,0
-0.002,0.00247971,14.1,11.6,15,3,0.687800013,0.168,1
0.125,0.002460066,14.8,7.3,11,2,0.786100019,0.027027,1
0.151,0.002445525,4.4,9.6,9.8,1,0.213180006,0.009793,1
0.081,0.002434985,3.7,10.8,14,3,0.460500019,0.046,1
0.026,0.002401162,0,8,14,2,1.318649958,0.0144,0
0.173,0.002383187,5.2,5.1,2.9,0,0.380600013,0.005,1
1.408,0.002328366,2,7.8,12.5,3,0.306599987,0.020097,0
0.273,0.002314008,0.8,6.7,15.4,2,0.290460006,0.0039,0
0.077,0.002312676,2.1,6.2,6.2,1,0.312205005,0.00348,0
0.094,0.002296808,2,5.1,7.6,3,1.170400051,0.45,0
0.266,0.002284944,1.9,5.1,7.4,2,0.538193408,0.34,0
-0.125,0.002220345,1.7,12.5,15.9,3,0,0.07,1
0.23,0.00220988,0,0,0,0,9.584100147,0.163906,0
-0.039,0.002209166,7.5,5.1,14.9,2,0.880700006,0.09,1
0.23,0.002201336,1.7,11.4,11.1,4,9.584100147,0.163906,1
-0.06,0.002197574,3.7,7.5,15.6,3,0.526699981,0.075,1
0.213,0.002182385,7.4,3.4,9.2,3,0.681999974,0.021,1
0.027,0.0021583,1.7,8.9,11.8,3,0,0.057668,0
0.249,0.002110297,6.6,5.8,5.1,2,1.706499994,0.044,1
0.074,0.002105386,12.9,6.7,9,2,0.309420006,0.061,1
0.013,0.002090075,6.1,6.7,9.4,3,0.4224,0.0338,1
0.035,0.002077717,1.7,10.9,8.4,1,0.329344998,0.049077,1
11.629,0.002060012,0,0,0,0,1.352800051,0.0027,0
0.134,0.002047579,8.2,3.3,5.2,2,0.508299981,0.0485,1
-0.003,0.002043125,0,0,0,0,0,0.051169,0
0.102,0.002026802,11.1,5.7,8.6,2,0.719499981,0.0171,1
0.102,0.002013477,2.9,7.6,8.9,2,0.17812,0.0157,0
0.069,0.002002956,3.5,7.4,17.3,2,1.243300045,0.204,1
0.16,0.001998051,0,5.9,16.4,2,0.464999987,0.0955,0
0.055,0.001988415,4.5,5,4,1,0.554260019,0.0169,1
1.044,0.001978332,0.4,7,10.8,2,0.923300045,0.010368,0
-0.223,0.001961849,0.2,6.3,12.5,4,0.312700006,0.0098,0
0.041,0.001942816,0,0,0,0,0.3936,0.05,0
0.059,0.001920461,4.3,6.2,9.1,2,0.391000013,0.045,1
0,0.001918874,8.5,6.9,19.5,3,0.526799974,0.1031,1
1.047,0.001916846,20.4,7.7,8.1,1,1.009900032,0.0028,1
0.099,0.001881495,5.3,5.8,9.3,2,1.217900032,0.384,1
0.105,0.001879633,8.1,3.3,11.4,2,0.5816,0.0181,1
0.107,0.001866909,1.3,5.7,11.1,1,0.393900006,0.065,0
0.073,0.001838615,5.6,9.9,14.8,3,5.544900198,1.622,1
0.902,0.001830611,25,7,12,2,1.311200051,0.011678,1
0.087,0.001824525,2.6,5.7,3.5,1,0.24205161,0.011124,0
0.227,0.001809077,5,5,3,1,0.247706496,0.0058,1
0.028,0.001766172,3.3,5.5,8.6,2,0.38645911,0.163,0
0.024,0.001751321,5.4,5.7,6.8,1,0.344199987,0.085947,1
0.101,0.001737097,1.7,6.7,8,2,0.4344,0.008858,0
0.215,0.001716336,0.1,7.2,13.3,2,0.533099981,0.0725,0
0.967,0.001709825,15.9,5.8,7,3,0.712099994,0.0177,1
0.1,0.001708104,3,10.6,12.7,2,0.323625011,0.041,1
1.763,0.001685059,18.7,9.1,9,1,0.672199987,0.001932,1
0.193,0.001682234,0,5.3,5.2,2,0.3116,0.01346,0
0.061,0.001659827,0,0,0,0,0.377900006,0.027,0
0.269,0.001656158,7.1,4.9,4.8,0,0.374384896,0.0113,1
0.309,0.0016445,3.2,4.1,6.2,0,0.114169997,0.016361,0
0.177,0.001643117,5.9,3.6,1.3,1,0.368179994,0.02,1
0.096,0.001628009,2.3,5.5,7.4,3,0.351699994,0.059,0
0.035,0.001626901,0.7,9.4,4.8,2,0.9504,0,0
0.212,0.001610186,12,6,7,3,0.463800013,0.01539,1
0.191,0.00160221,12,5,11,2,0.185292198,0.003458,1
-0.048,0.001582434,9.3,9.4,11.3,3,1.475900006,0.183,1
0.075,0.001581409,10.1,7,12.3,2,0.3976,0.0867,1
0.141,0.001576774,7.4,5.8,8.8,1,0.467800013,0.092,1
1.11,0.001553329,8.8,4.1,9.1,3,0.201500006,0.12,1
0.108,0.001528505,10.3,7.7,12.9,4,1.481200026,0.157,1
0.073,0.001511355,13,5,8,2,0.663559987,0.016688,1
0.225,0.0014943,1.4,4.7,6.1,0,0.103423699,0.0093,0
-0.055,0.001493513,14,7,14,3,0.613699994,0.036,1
0.212,0.001465023,8.7,5.6,7.4,1,0.3828,0.031,1
0.066,0.001436898,0.2,4,8.9,1,0.323957606,0.082516,0
0.132,0.001433097,9,6,8,2,0.270827494,0.047,1
0.077,0.001429857,10,5,10,2,0.335239987,0.01,1
-0.055,0.001429482,0,9,13,4,0,0.0515,0
0.074,0.001424456,8,6,8,2,0.344,0.045,1
0.161,0.001418171,11.3,5.2,10.9,3,0.254324403,0.01662,1
0.004,0.00141734,8,4,9,2,0.377329997,0.035,1
0.252,0.001402318,18,5,13,3,0.421100006,0.039218,1
0.412,0.001395112,2.8,4.6,4.7,2,0.280052301,0.058,0
0.886,0.001389501,18.2,4.7,7.2,2,0.667299994,0.009794,1
-0.102,0.001386417,0,0,0,0,0.356099994,0.047,0
0.148,0.001381024,1.2,6.5,9.8,0,0.198990003,0.015,0
0.187,0.001380906,8.8,6.6,9,3,0.945099981,0.031518,1
-0.001,0.001369817,4.6,5.6,12.7,0,0.226,0.0193,1
0.158,0.001366625,0.1,3.8,7.1,2,0.364971802,0.0651,0
0.504,0.001356291,2,14,10,2,1.580699955,0.0366,1
0.166,0.001341098,3,4,8,0,0.082609997,0.0126,0
0.047,0.00132523,1.3,7.2,10.6,2,0.258200013,0.082,0
0.148,0.001316714,11.3,3.7,6,3,0.334300006,0.035,1
0.242,0.001313016,8,7.8,5.5,2,0.270350003,0.09,1
0.103,0.001302273,3,6,9,2,0.183144704,0.04,0
0.361,0.001295127,16.6,5.2,10.1,4,1.185400013,0.0247,1
0.651,0.00129399,4.4,5.7,5.3,2,0.1905584,0.000367,1
-0.176,0.001288792,7.8,3.5,7.3,2,0.575700019,0.010529,1
0.416,0.001286846,10,3,10,2,0.448299981,0.004783,1
0.085,0.001276526,0,0,0,0,0.387800013,0.021,0
0.072,0.001267922,6,5,5,0,0.365900006,0.085,1
0.06,0.001249613,1,10.1,9.4,1,0.596299981,0.030184,0
2.003,0.00121341,20.7,7.8,8.1,2,0.550699981,0.0016,1
0.285,0.001198116,0,0,0,0,1.192100045,0.0357,0
0.021,0.001196106,2.2,5.4,6.7,3,0.252199987,0.0187,0
0.059,0.001194271,12.9,4.2,6.8,2,0.4464,0.011321,1
0.697,0.001189314,16.4,6,7,3,0.353799987,0.014,1
0.054,0.001180656,0.3,6.3,8.6,1,0.1846,0.0174,0
0.16,0.001169573,5.5,4.7,13.4,2,0.112026803,0.1,1
0.069,0.001167642,0.1,4.7,5.5,2,0.137100006,0.011,0
0.167,0.001167213,4,5,3,1,0.1849168,0.000464,0
0.053,0.001161848,6.9,5.2,8.2,3,0.432600013,0.0144,1
0.17,0.001153043,2,8,7,0,0.121564198,0.004361,0
0.023,0.001146478,1,8.6,6.6,1,1.058300006,0.040916,0
0.113,0.00114265,2.8,7,2.8,0,0.228222643,0.00303,0
0.142,0.001142099,1.1,5.6,7.6,2,0.3348,0.3306,0
-0.102,0.001131776,0,10,7,2,0.527299994,0.012447,0
0.046,0.001121079,3.4,4.1,7.4,2,0.256529997,0.061886,0
0.098,0.0011205,4.9,5.3,4.6,3,0.4232,0.101,1
0.495,0.001112847,10,9,13,2,1.182154854,0.0288,1
0.13,0.001112636,0.1,10.5,10.7,2,0.211947494,0.039876,0
0.129,0.001112466,3,5,3,0,0.155135706,0.001596,0
0.3,0.001112433,15,7,9,1,0.27585001,0.0195,1
-0.02,0.001098114,1.1,11.2,9.2,3,0,0.0496,0
0.137,0.001097817,1.3,6.8,11,1,0.34472599,0.025,0
0.121,0.001097004,9.2,6.2,13.7,2,0.328951706,0.05464,1
0.125,0.001095906,3,11,12,1,0.110011699,0.00797,1
0.088,0.001092354,0,6,5,2,0.6584,0.051,0
0.084,0.001090772,4.5,4.4,11.6,2,0.230099994,0.036,1
0.075,0.001068468,6.5,5.5,9.4,3,0.6592,0.42,1
0.154,0.001065216,7.5,6.3,9.3,3,0.472,0.013871,1
0.173,0.001064466,3.8,6.4,4,1,0.369395712,0.0024,1
0.03,0.001059872,2,4.7,11.5,3,0.602699981,0.315,0
1.016,0.001058094,7,4,7,2,0.122,0.142,1
0.258,0.001055198,2.8,7.3,13.6,3,0.29985001,0.06,0
0.123,0.00104255,7.1,5.2,3.8,2,0.22998999,0.037,1
-0.01,0.001042314,0,0,0,0,0.290499994,0.058,0
0.187,0.001042122,1,10,8,2,0.808500019,0.0543,0
0.21,0.001029287,22,7,7,2,0.380499994,0.001545,1
0.078,0.001022782,13,8,18,2,0.215500006,0.0133,1
0.111,0.001009441,3,9,7,1,0.1036624,0.01035,1
0.271,0.001002784,0,7,9,1,0.097507302,0.002993,0
0.139,0.001002536,15,5,7,1,0.286140006,0.006938,1
0.329,0.000991831,0,0,0,0,0.17884457,0.024277,0
0.258,0.000983605,1,6,4,3,0.0903,0.0098,0
0.272,0.000981206,12,5,9,2,0.352499994,0.012684,1
-0.042,0.000978028,0,7.8,13.2,3,0.392339994,0.00961,0
0.002,0.000975401,0,0,0,0,0.236,0.07,0
1.387,0.00097251,10.4,6.5,5.4,2,0.242899994,0.024,1
0.236,0.000965481,14.3,10,12.4,4,0.670300006,0.137,1
0.135,0.000954298,1.3,5.2,5.6,3,0.335132698,0.038,0
0.107,0.000953448,8,8,11,3,0.276019994,0.0285,1
0.11,0.000946209,9.3,7.3,7.7,1,0.218499994,0.0493,1
0.139,0.000943667,13.4,7.4,8.1,3,0.409900006,0.028,1
0.119,0.000941577,7,7,5,2,0.386899994,0.0612,1
0.074,0.000931346,0.1,5.7,13.5,1,0.138339994,0.009367,0
0.111,0.000927145,5,6,8,2,0.318072909,0.009227,1
0.003,0.000923415,5.8,6.1,7.5,2,0.296899994,0.0599,1
-0.212,0.000922051,1.3,8.6,7.8,2,0.018125,0.0445,0
0.462,0.000920623,0,0,0,0,0.025926099,0.00226,0
0.449,0.000916127,17,6,2,2,0.916400026,0.0191,1
-0.071,0.000913568,1.8,5.3,4.6,1,0.190849997,0.005814,0
-0.13,0.00091028,0,11,12,2,0,0.0167,0
0.054,0.000902588,1,7,9,2,0.346,0.0108,0
0.106,0.000897015,1,5,7,0,0.107379302,0.0156,0
0.406,0.000896152,1.6,5.4,11,1,0.142418906,0.0086,0
0.059,0.000874224,2,5,2,1,0.142099994,0.0143,0
0.114,0.000871676,3,5,3,1,0.142340301,0.002839,0
0.093,0.000870863,3,5,3,1,0.148236749,0.0024,0
0.181,0.000869819,1.8,5.7,8.4,2,0.26935319,0.1,0
0.203,0.000866516,10.7,7.1,8.7,2,0.146769997,0.018958,1
0.237,0.000863185,1,3,2,1,0.216879693,0.105,0
-0.052,0.000863085,9,5,8,1,0.192700006,0.0064,1
0.09,0.000853549,2.6,12.8,7.2,2,0.465449984,0.012,1
0.254,0.000848288,8.6,6.9,8.5,1,0.160078195,0.0185,1
0.02,0.000847726,2,5,9,1,0.39902999,0.007529,0
0.241,0.000846132,9.4,5.7,6.7,2,0.6624,0.011788,1
1.109,0.000845455,12,3,11,1,0.319308698,0.002847,1
0.36,0.000832448,16,8,6,2,0.10176,0.006,1
0.242,0.00082998,10,4,3,2,0.440299981,0.0092,1
0.237,0.000824952,13.2,6,10.7,3,0.143966694,0.02,1
-0.019,0.000822095,2,5,4,1,0.198,0.155,0
0.257,0.00080655,3.9,6.3,3.7,0,0.144630694,0.000559,1
0.187,0.000803857,5.4,5.7,6.6,2,0.13868,0.0245,1
0.241,0.000792563,8.9,6.3,8.6,2,0.281400013,0.04,1
0.276,0.000792469,15,5,6,1,0.198179994,0.03,1
-0.013,0.00078537,7.4,4.6,14.9,2,0.248899994,0.031,1
0.183,0.000780197,3.4,5.7,5.5,1,0.193900006,0.0227,0
0.165,0.000775374,8.9,5.5,8.8,2,0.598415974,0.010753,1
0.041,0.000773441,2,9,11,2,0,0.039335,0
0.278,0.000772321,15,5,10,2,0.269299994,0.0104,1
0.055,0.000758419,11,6,11,3,0.514300006,0.013003,1
0.211,0.000757312,4,6,4,1,0.110700198,0.004309,1
4.191,0.000756591,24.1,8.8,13.1,2,0.236499994,0.000936,1
-0.063,0.000746182,0.1,7.1,11.6,2,0.36806999,0.075,0
0.124,0.000744304,0,7,19,4,0.167619994,0.013,0
0.047,0.000743806,7,7,7,2,0.117070003,0.0051,1
1.288,0.000740175,11.3,6.2,14.9,2,0.1017,0.058865,1
0.074,0.000733026,0,0,0,0,0.08978,0.010065,0
0.117,0.000729011,2,4,3,0,0.166449997,0.0139,0
0.166,0.000727227,14.1,5.5,9.9,2,0.262099994,0.009116,1
0.028,0.000716306,10.1,5.2,11.3,2,0.124780006,0.014,1
-0.137,0.000714441,1.4,7.4,8.7,2,0,0.019247,0
-0.133,0.000712583,4,8,15,2,0.237005005,0.0195,1
0.012,0.000706234,16.3,6.4,6.8,2,0.403041306,0.0125,1
0.096,0.000703818,13,6.8,9.7,3,0.3692,0.012395,1
0.051,0.000699138,1,5,7,0,0.062617901,0.0051,0
0.495,0.000693157,0,0,0,0,0.106835398,0.013,0
0.018,0.000691707,2,9,6,1,0.4036,0.0181,0
-0.051,0.000689989,2,11,13,1,0,0.022,1
1.63,0.000676684,0,0,0,0,0.4376,0.00087,0
0.063,0.000672921,1.4,6.2,9.4,0,0.095842502,0.0078,0
0.011,0.000667553,0,0,0,0,0.276999987,0.055,0
0.083,0.000664707,19.7,5.8,8.3,2,0.260300006,0.005607,1
0.061,0.00066365,2.8,5.7,4.3,0,0.153792205,0.000434,0
0.083,0.000659999,3,4,7,2,0.167149798,0.046,0
0.093,0.000659223,16,5,14,1,0.13192,0.018,1
0.241,0.000657597,4,4,7,2,0.156100506,0.0165,0
0.367,0.000654595,15.6,8.9,4.6,2,0.140550003,0.011912,1
0.027,0.000653013,0,0,0,0,0.143702797,0.000105,0
0.174,0.000649899,0,6,15,1,0.114803098,0.0166,0
0.265,0.000647177,19,9,5,2,0.14836,0.01,1
0.186,0.000641902,4,4,5,2,0.166729101,0.052,0
10.387,0.000636915,0,0,0,0,-0.0009524,0.0102,0
0.12,0.000631531,5.5,5.4,3.7,1,0.103639302,0.002429,1
0.227,0.000631424,5.9,6,6.6,1,0.289100006,0.0204,1
0.088,0.000626747,0,0,0,0,0.106175603,0.023625,0
0.064,0.000624985,1.9,10.2,11.8,2,0,0.0217,1
0.13,0.000624534,0,0,0,0,0.2098,0.046,0
0.094,0.000622486,5.4,5.3,7.9,2,0.135665702,0.0187,1
0.072,0.000621819,4.7,5.9,10.8,1,0.092944301,0.000902,1
-0.066,0.000620707,1.6,7.4,7,2,0,0.019723,0
1.253,0.000619234,10,5,11,2,0.135100006,0.083,1
0.444,0.00061438,0,0,0,0,0.029734099,0.002773,0
0.101,0.000613573,1.2,12.4,10.4,2,0,0.015,1
1.305,0.00061224,16.8,5.5,7.7,1,0.312600013,0.00297,1
0.237,0.000611881,0,0,0,0,0.092913997,0.0025,0
0.177,0.000609981,9.8,5.7,5.8,2,0.228700006,0.008504,1
0.127,0.000605668,10.6,5.4,9.6,2,0.247299994,0.009418,1
0.347,0.000599726,12,9,16,2,0.1052832,0.0437,1
0.141,0.00059972,2,7.6,10.8,2,0,0.019722,0
0.087,0.000593637,0,0,0,0,0.299000013,0.009,0
0.087,0.000593251,0,0,0,0,0.299000013,0.009,0
0.195,0.000592347,5.8,7.6,12.5,2,0.238659994,0.0713,1
0.64,0.000589403,0,0,0,0,0.117975002,0.0145,0
0.336,0.000581812,0,0,0,0,0.1116,0.0173,0
0.563,0.000580852,14.4,8.7,11.1,2,0.351969997,0.012525,1
0.099,0.000578473,7.1,5.8,12.4,1,0.159718003,0.025,1
-0.454,0.000578146,1.8,12.8,11,1,0.269400013,0.005166,1
0.164,0.000575182,0,0,0,0,0.104449997,0.016,0
0.29,0.000574153,0,0,0,0,0.028428899,0.005385,0
0.194,0.00057037,0.8,6.4,9,2,0.111689997,0.013704,0
0.194,0.000569243,0,0,0,0,0.1212,0.014,0
-0.082,0.000563487,6.3,5.6,9.2,2,0.0933,0.009,1
1.091,0.000563224,23.9,8,10.1,2,0.330899994,0.001531,1
0.019,0.000562823,1,6,5,2,0.483700019,0.0604,0
0.103,0.000562773,2,7,11,1,0.053891699,0.016482,0
0.083,0.000562516,3.5,6.1,2.7,1,0.104046003,0.001739,0
0.22,0.000562106,1,5,7,2,0.185798899,0.0272,0
0.332,0.000561941,3,4.9,6,1,0.173099328,0.033045,0
0.531,0.000560977,0,0,0,0,0.062820301,0.058824,0
0.3,0.000558012,2.9,6.2,9.1,2,0.147712704,0.0097,0
0.093,0.000556897,1.5,7.1,15.6,1,0.065965901,0.002094,0
-0.066,0.000556222,4.8,10.2,13.3,1,0.24744,0.006705,1
0.122,0.000551776,0,0,0,0,0.1198,0.0098,0
0.11,0.000550171,0.2,10.7,10.6,1,0.103804698,0.012023,0
0.011,0.000548672,0.1,7.2,9.9,2,0,0.018,0
-0.034,0.000547009,2.2,4.8,7.2,2,0.387900006,0.05775,0
0,0.000537238,11.6,7.2,8.9,1,0.20032,0.011,1
0.087,0.000535106,0.7,9.9,6.7,1,0.235889997,0.0186,0
0,0.000534683,5.3,5.6,11.5,3,0.139237402,0.052,1
0.026,0.00053423,1.6,5.3,3.8,1,0.253799987,0.04,0
0.81,0.000528729,3.8,4.6,7.3,2,0.196063795,0.01907,0
-0.125,0.000519211,2,10,11,1,0,0.017262,1
-0.04,0.000515985,0.1,8.2,12.7,3,0.270300006,0.05,0
0.094,0.000514312,2,5,6,3,0.2564,0.044,0
0.053,0.0005133,4.5,7,11.7,1,0.1454,0.025,1
0.051,0.000512284,11,4.9,15.9,2,0.205340006,0.0186,1
0.14,0.000510918,14.3,4.9,4.5,3,0.283000013,0.038,1
0.116,0.000508306,3.2,6.1,3.7,0,0.07732,0.011931,0
-0.034,0.000505202,6.3,4.6,4.9,0,0.129079194,0.006,1
-0.037,0.000504927,1,7,8,1,0.073039098,0.0079,0
-0.087,0.000492708,2,11.4,10.1,2,0,0.017463,1
0.541,0.000491691,0,0,0,0,0.0248024,0.003964,0
0.098,0.000487256,2.6,6,6.9,1,0.136300006,0.011,0
0.107,0.000487143,14.8,6.5,13.4,2,0.135894694,0.004684,1
0.157,0.000484981,2.7,6,10.8,2,0.092449997,0.012,0
0.1,0.000483669,2.9,6.6,10.9,1,0.056321498,0.010784,1
-0.036,0.000483551,4,5,7,1,0.0827,0.0161,1
0.056,0.0004802,3.3,3.3,4,2,0.174859302,0.046,0
0.165,0.000479498,7.2,5.3,7.8,1,0.191479578,0.0066,1
0.025,0.000479031,0,0,0,0,0.2272,0.00493,0
0.049,0.000477319,0,0,0,0,0.083802598,0.006495,0
0.413,0.000471752,8.4,4.6,15,2,0.148689997,0.156883,1
0.47,0.000471331,0.1,4,8,2,0.180479296,0.032647,0
0.038,0.000469872,0,0,0,0,0.112700006,0.0199,0
0.169,0.000469311,0.8,5.2,9.4,0,0.050002301,0.006714,0
1.477,0.000467624,2.1,9.8,13.8,2,0.0488,0.0148,1
0.152,0.000467235,8.1,5.7,13,0,0.080169997,0.0075,1
-0.031,0.000466877,11,4,8,2,0.171900006,0.0141,1
0.072,0.000466465,2.9,6.7,6.9,1,0.120677901,0.00918,0
0.547,0.000464351,0,0,0,0,0.0344784,0.006959,0
0.185,0.000463672,10,6.2,5.7,1,0.149500006,0.003313,1
-0.004,0.000463578,0.6,11.6,4.3,2,0.312099994,0.01034,0
0.402,0.000462493,0,0,0,0,0.082864,0.008955,0
0.059,0.000462,1.5,6.1,3.9,1,0.361500006,0.0656,0
0.201,0.000459894,0,0,0,0,0.0332496,0.0027,0
0.073,0.000458709,1.3,5.4,5,2,0.1488,0.043,0
0.119,0.000455352,3,4,2,0,0.100247501,0.000196,0
-0.005,0.000454876,0.1,6.9,9.3,1,0.23270999,0.0717,0
0.184,0.000450576,3.2,5.2,4,1,0.0804448,0.001219,0
0.145,0.000449061,10.6,3.7,1.1,1,0.128099994,0.036,1
-0.009,0.000446719,12.4,6.2,12.4,2,0.15764,0.0071,1
0.028,0.000444052,7.7,6.6,16.7,2,0.080954502,0.0074,1
0.042,0.00044352,11.1,6.5,16.2,2,0.1318,0.033,1
1.185,0.00044322,2,10.5,13,2,0.171442099,0.052,1
0.118,0.000435698,3,5,5,1,0.167512205,0.000743,0
0.173,0.000435661,4.5,7.3,4.1,1,0.068442298,0.0017,1
0.332,0.000434385,0,0,0,0,0.096897901,0.0055,0
0.227,0.000431426,16,7,9,2,0.132419994,0.0064,1
0.153,0.000428086,5,6,3.7,2,0.1591216,0.025,1
0.117,0.000424768,9.4,7.2,5.8,1,0.116,0.02,1
0.082,0.000424738,16.5,6.5,11.2,2,0.3476,0.00845,1
-0.036,0.000421208,2.7,10.6,7.6,1,0.101150003,0.001196,1
0.094,0.000414194,4.9,5.4,8.6,0,0.0507324,0.006709,1
0.513,0.000412078,3.7,5.5,2.9,0,0.093034701,0.000606,0
0.182,0.00041073,11.6,3.8,1.4,1,0.183609997,0.0152,1
0.419,0.000409849,5,6,9,1,0.126765798,0.017258,1
0.157,0.000399231,9.3,5.6,11.8,1,0.076062298,0.0071,1
0.142,0.000399076,7,5.6,8.7,2,0.2316,0.0163,1
0.127,0.000394088,12,7,5,2,0.230899994,0.014,1
0.115,0.000394075,1,7,10,2,0.25230999,0.0104,0
0.412,0.000393876,15.1,6.5,7.7,2,0.262700006,0.0085,1
0.012,0.000388509,5,9,16,2,0.079441702,0.014,1
2.776,0.000381952,3,5,6,1,0.0545,0.00016,0
0.198,0.000378839,0,0,0,0,0.61808,0.037,0
0.162,0.000373519,0,0,0,0,0.054670298,0.002402,0
0.144,0.000370863,0,0,0,0,0.089992698,0.0186,0
0.065,0.00036513,9.3,7.6,13.9,1,0.126540006,0.0128,1
0.163,0.000362098,14,5,10,3,0.173910003,0.007272,1
1.349,0.000361351,10.9,5,12.9,2,-0.0415,0.0874,1
0.098,0.000356973,0,5.3,5.1,1,0.174514995,0.0556,0
0.352,0.000354471,2,12,7.9,1,0.19769335,0.007681,1
0.013,0.000350168,0,3,8,2,0.109641702,0.041,0
0.017,0.000347325,13,7,8,0,0.164458701,0.0084,1
0.066,0.000346625,0,0,0,0,0.05978,0.0078,0
0.168,0.000342184,8.7,4.9,7.3,2,0.278027213,0.006182,1
0.052,0.000339633,2,6,6,2,0.1057736,0.0216,0
0.125,0.000338204,0,0,0,0,0.289319987,0.05,0
0.043,0.000337765,0,4,3,2,0.11252,0.00664,0
0.151,0.000335579,4,4,3,0,0.077122298,0.000432,0
-0.082,0.000322933,5,4,7,2,0.261500006,0.069,1
0.033,0.000320938,2,11,8,1,0.1006352,0.003222,1
-0.206,0.000317558,2,13,11,2,0,0.007484,1
0.126,0.000314734,0,0,0,0,0.1268,0.024,0
0.126,0.000313255,0,7,5,2,0.1268,0.024,0
61.423,0.000312899,10,3.8,9.9,3,-0.401100006,0.04,1
0.067,0.00030935,2,11,12,3,0.10888,0.0156,1
-0.017,0.00030802,1,5,12,1,0.053896301,0.006396,0
-0.048,0.000307843,0,0,0,0,0.037236099,0.000689,0
0.042,0.000290855,13,6,5,0,0.05992,0.011,1
0.271,0.000290849,7,6,12,0,0.07208,0.0137,1
0.288,0.000290465,1.2,5.7,12.2,1,0.07302,0.010195,0
0.087,0.000288233,2,6,9,1,0.06928,0.010385,0
0.13,0.000284997,6,4,4,2,0.194248781,0.043,1
0.27,0.000282544,1,5,7,2,0.145449997,0.0121,0
2.476,0.000281113,17,6,9,2,0.470300006,0.006635,1
0.113,0.000279952,2,10,6,2,0.205100006,0.010848,0
0.093,0.000277566,4,9,21,3,0.187709798,0.089,1
0.142,0.000277149,16,3,2,2,0.106049997,0.0165,1
-0.069,0.000276051,3,6,4,2,0.222099994,0.0493,0
0.013,0.000275342,0,8,14,2,0.245104794,0.069,0
1.22,0.000274601,12,5,12,2,-0.113699994,0.127,1
0.635,0.000272042,0,0,0,0,0.283299994,0.049,0
0.114,0.000270189,3,4,8,2,0.2372,0.0088,0
27.773,0.00026647,9,4,8,3,-0.249545498,0.0849,1
-0.029,0.000266338,0,0,0,0,0.0961,0.044,0
0.044,0.00026584,6,3,4,2,0.139,0.032,1
0.298,0.00026514,0,3,7,1,0.091519277,0.0146,0
-0.006,0.000263412,0,0,0,0,0.2012,0.0093,0
-0.15,0.000260572,0,0,0,0,0,0.009724,0
0.078,0.000257464,15,6,10,1,0.1636992,0.005872,1
0.245,0.000253107,5,8,10,0,0.03611,0.0063,1
0.154,0.000251027,7,6,10,1,0.07166,0.01125,1
0.171,0.000248169,2,6,4,1,0.057753901,0.00031,0
0.006,0.000247336,2,7,7,1,0.0986,0.015,0
0.266,0.000244905,0,0,0,0,0.00111,0.007462,0
-0.018,0.000244234,1,10,10,2,0.19496,0.008549,0
-0.046,0.000242854,1,5,10,2,0.1922,0.134,0
0.519,0.000223696,4,11,12,3,0.033585901,0.02695,1
0.267,0.000210682,1,5,7,2,0.104390003,0.0121,0
0.741,0.000169717,0,0,0,0,0.0879,0.022092,0
49.886,0.000147178,12,4,10,2,-0.179413696,0.0347,1